AverageFinish,AveragePoints,AverageQualifying,BestFinish,BestQualifying,Driver,Podiums,PolePositions,QualifyingSessions,Races,Season,SprintPodiums,SprintPoints,SprintRaces,SprintWins,TotalLaps,TotalPoints,Wins
9.65,2.9166666666666665,0.0,5.0,0.0,Alexander Albon,0,0,0,24,2025,0,0,0,0,1306,70,0
10.75,2.25,0.0,3.0,0.0,Carlos Sainz,2,0,0,24,2025,0,0,0,0,1246,54,0
5.0476190476190474,9.375,0.0,2.0,0.0,Charles Leclerc,7,0,0,24,2025,0,0,0,0,1302,225,0
12.173913043478262,1.4166666666666667,0.0,5.0,0.0,Esteban Ocon,0,0,0,24,2025,0,0,0,0,1401,34,0
10.263157894736842,2.125,0.0,5.0,0.0,Fernando Alonso,0,0,0,24,2025,0,0,0,0,1257,51,0
15.823529411764707,0.0,0.0,11.0,0.0,Franco Colapinto,0,0,0,18,2025,0,0,0,0,1049,0,0
13.31578947368421,0.7916666666666666,0.0,6.0,0.0,Gabriel Bortoleto,0,0,0,24,2025,0,0,0,0,1229,19,0
4.541666666666667,12.041666666666666,0.0,1.0,0.0,George Russell,9,0,0,24,2025,0,0,0,0,1442,289,2
11.181818181818182,2.0833333333333335,0.0,3.0,0.0,Isack Hadjar,1,0,0,24,2025,0,0,0,0,1342,50,0
14.75,0.0,0.0,13.0,0.0,Jack Doohan,0,0,0,6,2025,0,0,0,0,215,0,0
8.2,5.625,0.0,2.0,0.0,Kimi Antonelli,3,0,0,24,2025,0,0,0,0,1309,135,0
13.5,1.2608695652173914,0.0,6.0,0.0,Lance Stroll,0,0,0,23,2025,0,0,0,0,1316,29,0
3.608695652173913,16.416666666666668,0.0,1.0,0.0,Lando Norris,18,0,0,24,2025,0,0,0,0,1382,394,7
7.0,5.625,0.0,4.0,0.0,Lewis Hamilton,0,0,0,24,2025,0,0,0,0,1303,135,0
11.421052631578947,1.5833333333333333,0.0,5.0,0.0,Liam Lawson,0,0,0,24,2025,0,0,0,0,1273,38,0
3.0434782608695654,16.208333333333332,0.0,1.0,0.0,Max Verstappen,15,0,0,24,2025,0,0,0,0,1374,389,8
11.4,2.125,0.0,3.0,0.0,Nico Hulkenberg,1,0,0,24,2025,0,0,0,0,1168,51,0
10.714285714285714,1.625,0.0,4.0,0.0,Oliver Bearman,0,0,0,24,2025,0,0,0,0,1372,39,0
2.772727272727273,15.875,0.0,1.0,0.0,Oscar Piastri,16,0,0,24,2025,0,0,0,0,1343,381,7
13.80952380952381,0.8333333333333334,0.0,6.0,0.0,Pierre Gasly,0,0,0,24,2025,0,0,0,0,1257,20,0
12.304347826086957,0.875,0.0,6.0,0.0,Yuki Tsunoda,0,0,0,24,2025,0,0,0,0,1386,21,0
14.8,0.3333333333333333,16.333333333333332,8.0,11.0,Alexander Albon,0,0,15,15,2026,0,0,5,0,736,5,0
9.642857142857142,2.3333333333333335,11.066666666666666,6.0,8.0,Arvid Lindblad,0,0,15,15,2026,0,1,5,0,830,35,0
13.461538461538462,0.4666666666666667,15.142857142857142,9.0,9.0,Carlos Sainz,0,0,14,15,2026,0,0,5,0,825,7,0
5.0,10.066666666666666,4.4,1.0,2.0,Charles Leclerc,4,0,15,15,2026,3,28,5,0,836,151,1
12.928571428571429,0.4666666666666667,15.066666666666666,8.0,12.0,Esteban Ocon,0,0,15,15,2026,0,0,5,0,873,7,0
15.333333333333334,0.2,19.466666666666665,9.0,16.0,Fernando Alonso,0,0,15,15,2026,0,0,5,0,698,3,0
11.142857142857142,1.8,12.666666666666666,6.0,8.0,Franco Colapinto,0,0,15,15,2026,0,0,5,0,881,27,0
11.357142857142858,0.6666666666666666,12.8,8.0,9.0,Gabriel Bortoleto,0,0,15,15,2026,0,0,5,0,840,10,0
3.5384615384615383,13.466666666666667,3.0,1.0,1.0,George Russell,8,5,15,15,2026,3,34,5,3,823,202,3
6.0,7.166666666666667,6.636363636363637,3.0,3.0,Isack Hadjar,2,0,12,12,2026,0,0,4,0,621,86,0
3.6,18.4,3.2666666666666666,1.0,1.0,Kimi Antonelli,12,6,15,15,2026,2,26,5,1,901,276,8
16.0,0.0,20.923076923076923,13.0,18.0,Lance Stroll,0,0,13,15,2026,0,0,5,0,543,0,0
3.8181818181818183,10.266666666666667,4.533333333333333,1.0,1.0,Lando Norris,5,3,15,15,2026,4,32,5,1,769,154,2
4.071428571428571,11.933333333333334,4.4,1.0,2.0,Lewis Hamilton,5,0,15,15,2026,2,20,5,0,855,179,1
8.785714285714286,3.7333333333333334,10.666666666666666,5.0,8.0,Liam Lawson,0,0,15,15,2026,0,3,5,0,850,56,0
5.0,10.066666666666666,5.571428571428571,2.0,2.0,Max Verstappen,7,0,14,15,2026,0,12,5,0,739,151,0
11.090909090909092,0.4666666666666667,12.266666666666667,8.0,9.0,Nico Hulkenberg,0,0,15,15,2026,0,0,5,0,738,7,0
12.416666666666666,1.2666666666666666,14.642857142857142,5.0,10.0,Oliver Bearman,0,0,14,15,2026,0,1,5,0,739,19,0
6.416666666666667,6.6,5.466666666666667,2.0,3.0,Oscar Piastri,2,0,15,15,2026,1,21,5,0,775,99,0
9.23076923076923,2.6,10.266666666666667,6.0,1.0,Pierre Gasly,0,1,15,15,2026,0,2,5,0,830,39,0
15.4,0.0,19.866666666666667,14.0,18.0,Sergio Perez,0,0,15,15,2026,0,0,5,0,720,0,0
17.0,0.0,20.0,13.0,18.0,Valtteri Bottas,0,0,15,15,2026,0,0,5,0,596,0,0
11.666666666666666,0.3333333333333333,14.666666666666666,10.0,12.0,Yuki Tsunoda,0,0,3,3,2026,0,0,1,0,180,1,0
